{"cameraMode":{"drawMode":0,"name":"Shaded","section":"Shading Mode"},"sceneLighting":true,"audioPlay":false,"sceneViewState":{"showFog":true,"showMaterialUpdate":false,"showSkybox":true,"showFlares":true,"showImageEffects":true,"showParticleSystems":true},"in2DMode":false,"pivot":{"x":-16.812891006469728,"y":2.3312158584594728,"z":-24.19097900390625},"rotation":{"x":0.30698806047439577,"y":0.453459769487381,"z":-0.16990725696086884,"w":0.8193092942237854},"size":1.8525981903076172,"orthographic":false}